titulo,en_stock,cantidad_stock,calificacion,precio
"""Most Blessed of the Patriarchs"": Thomas Jefferson and the Empire of the Imagination",True,8,5,44.48
#GIRLBOSS,True,3,1,50.96
#HigherSelfie: Wake Up Your Life. Free Your Soul. Find Your Tribe.,True,17,5,23.11
'Salem's Lot,True,4,4,49.56
(Un)Qualified: How God Uses Broken People to Do Big Things,True,16,5,54.0
"1,000 Places to See Before You Die",True,1,5,26.08
"10% Happier: How I Tamed the Voice in My Head, Reduced Stress Without Losing My Edge, and Found Self-Help That Actually Works",True,10,2,24.57
10-Day Green Smoothie Cleanse: Lose Up to 15 Pounds in 10 Days!,True,10,5,49.71
11/22/63,True,11,3,48.48
13 Hours: The Inside Account of What Really Happened In Benghazi,True,13,1,27.06
1491: New Revelations of the Americas Before Columbus,True,14,3,21.8
1st to Die (Women's Murder Club #1),True,1,1,53.98
23 Degrees South: A Tropical Tale of Changing Whether...,True,9,2,35.79
32 Yolks,True,8,2,53.63
8 Keys to Mental Health Through Exercise,True,3,1,31.04
A Brush of Wings (Angels Walking #3),True,14,1,55.51
A Clash of Kings (A Song of Ice and Fire #2),True,5,3,10.79
A Court of Thorns and Roses (A Court of Thorns and Roses #1),True,16,1,52.37
A Distant Mirror: The Calamitous 14th Century,True,14,3,14.58
A Feast for Crows (A Song of Ice and Fire #4),True,5,4,17.21
A Fierce and Subtle Poison,True,16,4,28.13
A Flight of Arrows (The Pathfinders #2),True,16,5,55.53
A Game of Thrones (A Song of Ice and Fire #1),True,5,2,46.42
A Gathering of Shadows (Shades of Magic #2),True,7,4,44.81
A Gentleman's Position (Society of Gentlemen #3),True,11,5,14.75
A Girl's Guide to Moving On (New Beginnings #2),True,5,1,31.3
A Heartbreaking Work of Staggering Genius,True,3,5,54.29
A Hero's Curse (The Unseen Chronicles #1),True,9,3,50.49
"A History of God: The 4,000-Year Quest of Judaism, Christianity, and Islam",True,4,1,27.62
A Light in the Attic,True,22,3,51.77
A Man Called Ove,True,14,1,39.72
A Mother's Reckoning: Living in the Aftermath of Tragedy,True,11,3,19.53
"A Murder Over a Girl: Justice, Gender, Junior High",True,8,3,13.2
A Murder in Time,True,16,1,16.64
A New Earth: Awakening to Your Life's Purpose,True,4,5,55.65
A Paris Apartment,True,12,4,39.01
A People's History of the United States,True,14,2,40.79
"A Piece of Sky, a Grain of Rice: A Memoir in Four Meditations",True,16,5,56.76
"A Series of Catastrophes and Miracles: A True Story of Love, Science, and Cancer",True,14,2,56.48
A Shard of Ice (The Black Symphony Saga #1),True,9,3,56.63
A Short History of Nearly Everything,True,7,5,52.4
A Spy's Devotion (The Regency Spies of London #1),True,1,5,16.97
A Storm of Swords (A Song of Ice and Fire #3),True,3,2,31.22
A Study in Scarlet (Sherlock Holmes #1),True,14,2,16.73
A Summer In Europe,True,7,2,44.34
A Time of Torment (Charlie Parker #14),True,14,5,48.35
A Visit from the Goon Squad,True,3,5,14.08
A Walk in the Woods: Rediscovering America on the Appalachian Trail,True,3,4,30.48
A Walk to Remember,True,4,1,56.43
A World of Flavor: Your Gluten Free Passport,True,16,1,42.95
A Year in Provence (Provence #1),True,6,4,56.88
"A la Mode: 120 Recipes in 60 Pairings: Pies, Tarts, Cakes, Crisps, and More Topped with Ice Cream, Gelato, Frozen Custard, and More",True,12,1,38.77
Abstract City,True,14,5,56.37
Adultery,True,11,5,20.88
"Adulthood Is a Myth: A ""Sarah's Scribbles"" Collection",True,14,2,10.9
Agnostic: A Spirited Manifesto,True,15,5,12.51
"Ajin: Demi-Human, Volume 1 (Ajin: Demi-Human #1)",True,1,4,57.06
Aladdin and His Wonderful Lamp,True,19,3,53.13
Algorithms to Live By: The Computer Science of Human Decisions,True,16,1,30.81
Alice in Wonderland (Alice's Adventures in Wonderland #1),True,1,1,55.53
Alight (The Generations Trilogy #2),True,5,4,58.59
All the Light We Cannot See,True,14,5,29.87
Amatus,True,15,5,50.54
America's Cradle of Quarterbacks: Western Pennsylvania's Football Factory from Johnny Unitas to Joe Montana,True,19,3,22.5
America's War for the Greater Middle East: A Military History,True,5,2,51.22
Amid the Chaos,True,15,1,36.58
Amy Meets the Saints and Sages,True,15,3,18.46
An Abundance of Katherines,True,5,5,10.0
An Unquiet Mind: A Memoir of Moods and Madness,True,6,3,21.3
And Then There Were None,True,3,2,35.01
Angels & Demons (Robert Langdon #1),True,14,3,51.48
Angels Walking (Angels Walking #1),True,14,2,34.2
Animal Farm,True,4,3,57.22
Annie on My Mind,True,3,5,36.83
Anonymous,True,15,4,46.82
Approval Junkie: Adventures in Caring Too Much,True,5,5,58.81
Are We Smart Enough to Know How Smart Animals Are?,True,3,1,56.58
Are We There Yet?,True,3,3,10.66
Arena,True,11,4,21.36
Aristotle and Dante Discover the Secrets of the Universe (Aristotle and Dante Discover the Secrets of the Universe #1),True,14,4,58.14
Art Ops Vol. 1,True,14,3,48.8
Art and Fear: Observations on the Perils (and Rewards) of Artmaking,True,9,4,48.63
Ash,True,3,4,22.06
"At The Existentialist CafÃ©: Freedom, Being, and apricot cocktails with: Jean-Paul Sartre, Simone de Beauvoir, Albert Camus, Martin Heidegger, Edmund Husserl, Karl Jaspers, Maurice Merleau-Ponty and others",True,7,5,29.93
Atlas Shrugged,True,4,5,26.58
"Avatar: The Last Airbender: Smoke and Shadow, Part 3 (Smoke and Shadow #3)",True,16,2,28.09
Awkward,True,3,2,38.02
Ayumi's Violin,True,15,2,15.48
Balloon Animals,True,14,3,17.03
Barefoot Contessa Back to Basics,True,14,1,28.01
Barefoot Contessa at Home: Everyday Recipes You'll Make Over and Over Again,True,14,5,50.62
Batman: Europa,True,14,2,32.01
Batman: The Dark Knight Returns (Batman),True,15,5,15.38
Batman: The Long Halloween (Batman),True,15,2,36.5
Beautiful Creatures (Caster Chronicles #1),True,3,5,21.55
Beauty Restored (Riley Family Legacy Novellas #3),True,15,2,11.11
Becoming Wise: An Inquiry into the Mystery and Art of Living,True,15,2,27.43
Behind Closed Doors,True,18,4,52.22
Being Mortal: Medicine and What Matters in the End,True,8,4,55.06
Benjamin Franklin: An American Life,True,7,3,48.19
Beowulf,True,3,2,38.35
Best of My Love (Fool's Gold #20),True,3,2,27.41
Better Homes and Gardens New Cook Book,True,6,3,39.61
Between Shades of Gray,True,3,5,20.79
Between the World and Me,True,8,4,56.91
Beyond Good and Evil,True,1,1,43.38
Big Little Lies,True,3,1,22.11
Big Magic: Creative Living Beyond Fear,True,15,3,30.8
Birdsong: A Story in Pictures,True,19,3,54.64
"Bitch Planet, Vol. 1: Extraordinary Machine (Bitch Planet (Collected Editions))",True,16,2,37.92
"Black Butler, Vol. 1 (Black Butler #1)",True,3,1,49.31
Black Dust,True,19,5,34.53
Black Flags: The Rise of ISIS,True,3,1,40.87
"Bleach, Vol. 1: Strawberry and the Soul Reapers (Bleach #1)",True,1,5,34.65
Blink: The Power of Thinking Without Thinking,True,3,5,21.74
Blood Defense (Samantha Brinkman #1),True,1,3,20.3
Blue Like Jazz: Nonreligious Thoughts on Christian Spirituality,True,7,1,25.77
"Blue Lily, Lily Blue (The Raven Cycle #3)",True,5,5,34.13
Boar Island (Anna Pigeon #19),True,12,3,59.48
Booked,True,5,5,17.49
Born for This: How to Find the Work You Were Meant to Do,True,11,5,21.59
"Born to Run: A Hidden Tribe, Superathletes, and the Greatest Race the World Has Never Seen",True,3,2,27.35
Bossypants,True,16,2,49.46
Bounty (Colorado Mountain #7),True,1,4,37.26
Boy Meets Boy,True,3,3,21.12
Brain on Fire: My Month of Madness,True,14,5,49.32
Brave Enough,True,3,5,51.32
Brazen: The Courage to Find the You That's Been Hiding,True,8,2,19.22
Breaking Dawn (Twilight #4),True,3,5,35.28
Bridget Jones's Diary (Bridget Jones #1),True,1,1,29.82
Bright Lines,True,1,5,39.07
Brilliant Beacons: A History of the American Lighthouse,True,8,3,11.45
Burning,True,16,3,28.81
Buying In: The Secret Dialogue Between What We Buy and Who We Are,True,14,4,37.8
Call the Nurse: True Stories of a Country Nurse on a Scottish Isle,True,16,5,29.14
Camp Midnight,True,16,4,17.08
Can You Keep a Secret?,True,4,1,21.94
Can You Keep a Secret? (Fear Street Relaunch #4),True,12,1,48.64
Candide,True,4,3,58.63
Career of Evil (Cormoran Strike #3),True,3,2,24.72
Carrie,True,14,2,46.23
"Carry On, Warrior: Thoughts on Life Unarmed",True,14,3,31.85
Catastrophic Happiness: Finding Joy in Childhood's Messy Years,True,3,2,37.35
Catching Jordan (Hundred Oaks),True,14,3,50.83
Catherine the Great: Portrait of a Woman,True,6,4,58.55
Cell,True,14,4,20.29
Changing the Game (Play by Play #2),True,4,3,13.38
Charity's Cross (Charles Towne Belles #4),True,1,1,41.24
Charlie and the Chocolate Factory (Charlie Bucket #1),True,1,3,22.85
Chase Me (Paris Nights #2),True,19,5,25.27
Chasing Heaven: What Dying Taught Me About Living,True,15,2,37.8
Chernobyl 01:23:40: The Incredible True Story of the World's Worst Nuclear Disaster,True,9,2,35.92
Choosing Our Religion: The Spiritual Lives of America's Nones,True,1,4,28.42
"Chronicles, Vol. 1",True,7,2,52.6
Cinder (The Lunar Chronicles #1),True,3,1,26.09
City of Ashes (The Mortal Instruments #2),True,14,1,47.27
City of Bones (The Mortal Instruments #1),True,14,1,43.28
City of Fallen Angels (The Mortal Instruments #4),True,14,4,11.23
City of Glass (The Mortal Instruments #3),True,14,4,56.02
Civilization and Its Discontents,True,3,2,59.95
Clockwork Angel (The Infernal Devices #1),True,14,1,44.14
Close to You,True,15,4,49.46
Code Name Verity (Code Name Verity #1),True,14,4,22.13
"Codename Baboushka, Volume 1: The Conclave of Death",True,16,4,36.72
Cometh the Hour (The Clifton Chronicles #6),True,14,3,25.01
Confessions of a Shopaholic (Shopaholic #1),True,4,2,48.94
Cosmos,True,3,2,36.17
Counted With the Stars (Out from Egypt #1),True,7,5,17.97
Counting Thyme,True,3,1,10.62
Cravings: Recipes for What You Want to Eat,True,11,3,20.5
Crazy Love: Overwhelmed by a Relentless God,True,14,2,47.72
Crazy Rich Asians (Crazy Rich Asians #1),True,3,5,49.13
Critique of Pure Reason,True,5,1,20.75
Crown of Midnight (Throne of Glass #2),True,16,3,43.29
Daily Fantasy Sports,True,14,1,36.58
Danganronpa Volume 1,True,16,4,51.99
Daredevils,True,11,3,16.34
"Daring Greatly: How the Courage to Be Vulnerable Transforms the Way We Live, Love, Parent, and Lead",True,15,3,19.43
Dark Lover (Black Dagger Brotherhood #1),True,4,1,12.87
Dark Notes,True,15,5,19.19
Dark Places,True,3,5,23.9
Darkfever (Fever #1),True,3,1,56.02
"Data, A Love Story: How I Gamed Online Dating to Meet My Match",True,5,3,32.35
"David and Goliath: Underdogs, Misfits, and the Art of Battling Giants",True,3,1,17.81
Dead Wake: The Last Crossing of the Lusitania,True,3,5,39.24
Dear Mr. Knightley,True,14,5,11.21
"Death Note, Vol. 5: Whiteout (Death Note #5)",True,5,1,52.41
"Death Note, Vol. 6: Give-and-Take (Death Note #6)",True,6,3,36.39
Death by Leisure: A Cautionary Tale,True,8,4,37.51
Deception Point,True,6,4,40.32
Deep Under (Walker Security #1),True,1,5,47.09
"Deliciously Ella Every Day: Quick and Easy Recipes for Gluten-Free Snacks, Packed Lunches, and Simple Meals",True,15,3,42.16
Delivering the Truth (Quaker Midwife Mystery #1),True,7,4,20.89
Demigods & Magicians: Percy and Annabeth Meet the Kanes (Percy Jackson & Kane Chronicles Crossover #1-3),True,14,5,37.51
Diary of a Citizen Scientist: Chasing Tiger Beetles and Other New Ways of Engaging the World,True,8,1,28.41
Diary of a Minecraft Zombie Book 1: A Scare of a Dare (An Unofficial Minecraft Book),True,2,4,52.88
Digital Fortress,True,5,5,58.0
Dirty (Dive Bar #1),True,12,4,40.83
Disrupted: My Misadventure in the Start-Up Bubble,True,3,5,15.28
Do Androids Dream of Electric Sheep? (Blade Runner #1),True,3,1,51.48
Doctor Sleep (The Shining #2),True,14,2,40.12
Doing It Over (Most Likely To #1),True,15,3,35.61
"Don't Be a Jerk: And Other Practical Advice from Dogen, Japan's Greatest Zen Master",True,16,2,37.97
Don't Forget Steven,True,9,1,33.23
Don't Get Caught,True,14,1,55.35
Done Rubbed Out (Reightman & Bailey #1),True,15,5,37.72
Dracula,True,3,3,52.62
Dracula the Un-Dead,True,5,5,35.63
Drama,True,5,2,38.7
Dress Your Family in Corduroy and Denim,True,9,3,43.68
Drive: The Surprising Truth About What Motivates Us,True,15,4,34.95
Dune (Dune #1),True,3,1,54.86
"Eat Fat, Get Thin",True,14,2,54.07
"Eat, Pray, Love",True,1,3,51.32
"Eaternity: More than 150 Deliciously Easy Vegan Recipes for a Long, Healthy, Satisfied, Joyful Life",True,14,5,51.75
Eclipse (Twilight #3),True,3,1,18.74
Eight Hundred Grapes,True,14,4,14.39
El Deafo,True,14,5,57.62
Eleanor & Park,True,12,5,56.51
Eligible (The Austen Project #4),True,14,3,27.09
Emma,True,1,2,32.93
Ender's Game (The Ender Quintet #1),True,8,1,43.64
Equal Is Unfair: America's Misguided Fight Against Income Inequality,True,12,1,56.86
Eragon (The Inheritance Cycle #1),True,3,3,43.87
Eureka Trivia 6.0,True,15,4,54.59
Every Heart a Doorway (Every Heart A Doorway #1),True,7,5,12.16
Every Last Word,True,14,3,46.47
Everydata: The Misinformation Hidden in the Little Data You Consume Every Day,True,16,2,54.35
Everyday Italian: 125 Simple and Delicious Recipes,True,12,5,20.1
Evicted: Poverty and Profit in the American City,True,5,1,42.27
"Exit, Pursued by a Bear",True,11,4,51.34
Extreme Prey (Lucas Davenport #26),True,3,3,25.4
"Fables, Vol. 1: Legends in Exile (Fables #1)",True,15,4,41.62
"Far & Away: Places on the Brink of Change: Seven Continents, Twenty-Five Years",True,14,4,15.06
Far From True (Promise Falls Trilogy #2),True,4,2,34.93
Feathers: Displays of Brilliant Plumage,True,14,3,49.05
Fellside,True,3,1,38.62
Fifty Shades Darker (Fifty Shades #2),True,16,1,21.96
Fifty Shades Freed (Fifty Shades #3),True,3,5,15.36
Fighting Fate (Fighting #6),True,1,3,39.24
Find Her (Detective D.D. Warren #8),True,5,1,22.37
Finders Keepers (Bill Hodges Trilogy #2),True,15,5,53.53
Finding God in the Ruins: How God Redeems Pain,True,7,2,46.64
Fire Bound (Sea Haven/Sisters of the Heart #5),True,3,4,21.28
First Steps for New Christians (Print Edition),True,15,1,29.0
First and First (Five Boroughs #3),True,16,4,15.97
Follow You Home,True,15,1,21.36
Fool Me Once,True,5,1,16.96
"Foolproof Preserving: A Guide to Small Batch Jams, Jellies, Pickles, Condiments, and More: A Foolproof Guide to Making Small Batch Jams, Jellies, Pickles, Condiments, and More",True,19,3,30.52
For the Love: Fighting for Grace in a World of Impossible Standards,True,7,3,45.13
Forever Rockers (The Rocker #12),True,1,3,28.8
Forever and Forever: The Courtship of Henry Longfellow and Fanny Appleton,True,16,3,29.69
Foundation (Foundation (Publication Order) #1),True,5,1,32.42
Frankenstein,True,1,2,38.0
"Friday Night Lights: A Town, a Team, and a Dream",True,3,3,51.22
Frostbite (Vampire Academy #2),True,15,5,29.99
"Fruits Basket, Vol. 1 (Fruits Basket #1)",True,1,5,40.28
"Fruits Basket, Vol. 2 (Fruits Basket #2)",True,2,5,11.64
"Fruits Basket, Vol. 3 (Fruits Basket #3)",True,3,2,45.17
"Fruits Basket, Vol. 4 (Fruits Basket #4)",True,4,4,50.44
"Fruits Basket, Vol. 5 (Fruits Basket #5)",True,5,1,16.33
"Fruits Basket, Vol. 6 (Fruits Basket #6)",True,6,4,20.96
"Fruits Basket, Vol. 7 (Fruits Basket #7)",True,7,1,19.57
"Fruits Basket, Vol. 9 (Fruits Basket #9)",True,9,4,33.95
Full Moon over Noahâs Ark: An Odyssey to Mount Ararat and Beyond,True,15,4,49.43
Fun Home: A Family Tragicomic,True,6,4,56.59
Furiously Happy: A Funny Book About Horrible Things,True,12,4,41.46
Future Shock (Future Shock #1),True,8,5,55.65
"Giant Days, Vol. 1 (Giant Days #1-4)",True,1,4,56.76
"Giant Days, Vol. 2 (Giant Days #5-8)",True,16,2,22.11
Girl Online On Tour (Girl Online #2),True,2,1,53.47
Girl With a Pearl Earring,True,4,1,26.77
Girl in the Blue Coat,True,3,2,46.83
"Girl, Interrupted",True,6,3,42.14
Give It Back,True,6,2,18.32
Glory over Everything: Beyond The Kitchen House,True,14,3,45.84
God Is Not Great: How Religion Poisons Everything,True,4,1,27.8
God: The Most Unpleasant Character in All Fiction,True,14,5,30.03
Golden (Heart of Dread #3),True,3,4,42.21
Gone Girl,True,3,5,37.6
Gone with the Wind,True,4,3,32.49
Good in Bed (Cannie Shapiro #1),True,7,5,37.05
Gratitude,True,3,5,26.66
"Grayson, Vol 3: Nemesis (Grayson #3)",True,3,1,42.72
Greek Mythic History,True,14,5,10.23
Green Eggs and Ham (Beginner Books B-16),True,3,4,10.79
Grey (Fifty Shades #4),True,11,4,48.49
Grumbles,True,15,2,22.16
H is for Hawk,True,2,5,57.42
Hamilton: The Revolution,True,14,3,58.79
Harry Potter and the Chamber of Secrets (Harry Potter #2),True,4,1,14.74
Harry Potter and the Deathly Hallows (Harry Potter #7),True,5,1,23.32
Harry Potter and the Half-Blood Prince (Harry Potter #6),True,4,5,48.75
Harry Potter and the Order of the Phoenix (Harry Potter #5),True,4,4,31.63
Harry Potter and the Prisoner of Azkaban (Harry Potter #3),True,4,4,24.17
Harry Potter and the Sorcerer's Stone (Harry Potter #1),True,4,3,13.9
Having the Barbarian's Baby (Ice Planet Barbarians #7.5),True,1,4,34.96
"Hawkeye, Vol. 1: My Life as a Weapon (Hawkeye #1)",True,1,3,45.24
Heaven is for Real: A Little Boy's Astounding Story of His Trip to Heaven and Back,True,8,2,52.86
Heir to the Sky,True,3,4,44.07
Her Backup Boyfriend (The Sorensen Family #1),True,16,1,33.97
Hide Away (Eve Duncan #20),True,12,1,11.84
History of Beauty,True,8,4,10.29
Hold Your Breath (Search and Rescue #1),True,14,1,28.82
Holidays on Ice,True,3,2,51.07
Hollow City (Miss Peregrineâs Peculiar Children #2),True,15,1,42.98
Horrible Bear!,True,3,2,37.52
House of Leaves,True,3,1,54.89
"House of Lost Worlds: Dinosaurs, Dynasties, and the Story of Life on Earth",True,3,2,43.7
How Music Works,True,19,2,37.32
How to Be Miserable: 40 Strategies You Already Use,True,16,1,46.03
How to Be a Domestic Goddess: Baking and the Art of Comfort Cooking,True,7,2,28.25
How to Cook Everything Vegetarian: Simple Meatless Recipes for Great Food (How to Cook Everything),True,7,4,46.01
How to Speak Golf: An Illustrated Guide to Links Lingo,True,12,5,58.32
How to Stop Worrying and Start Living,True,6,5,46.49
Howl and Other Poems,True,8,2,40.45
Hungry Girl Clean & Hungry: Easy All-Natural Recipes for Healthy Eating in the Real World,True,3,3,33.14
"Hush, Hush (Hush, Hush #1)",True,14,3,47.02
"Hyperbole and a Half: Unfortunate Situations, Flawed Coping Mechanisms, Mayhem, and Other Things That Happened",True,14,5,14.75
Hystopia: A Novel,True,8,4,21.96
I Am Malala: The Girl Who Stood Up for Education and Was Shot by the Taliban,True,3,2,28.88
I Am Pilgrim (Pilgrim #1),True,14,4,10.6
I Had a Nice Time And Other Lies...: How to find love & sh*t like that,True,15,4,57.36
"I Hate Fairyland, Vol. 1: Madly Ever After (I Hate Fairyland (Compilations) #1-5)",True,16,2,29.17
I Know What I'm Doing -- and Other Lies I Tell Myself: Dispatches from a Life Under Construction,True,14,4,25.98
I Know Why the Caged Bird Sings (Maya Angelou's Autobiography #1),True,5,2,36.55
I Will Find You,True,8,1,44.21
I am a Hero Omnibus Volume 1,True,16,3,54.63
I'll Give You the Sun,True,8,1,56.48
I've Got Your Number,True,3,1,19.69
Icing (Aces Hockey #2),True,1,4,40.44
If I Gave You God's Phone Number....: Searching for Spirituality in America,True,9,1,20.91
If I Run (If I Run #1),True,3,4,49.97
If I Stay (If I Stay #1),True,5,5,38.13
Immunity: How Elie Metchnikoff Changed the Course of Modern Medicine,True,16,5,57.36
Imperfect Harmony,True,1,4,34.74
In Cold Blood,True,6,4,49.98
In Her Wake,True,19,1,12.84
"In a Dark, Dark Wood",True,18,1,19.63
In the Country We Love: My Family Divided,True,16,4,22.0
"In the Garden of Beasts: Love, Terror, and an American Family in Hitler's Berlin",True,3,3,28.85
In the Woods (Dublin Murder Squad #1),True,6,2,38.38
Inferno (Robert Langdon #4),True,3,5,41.0
Into the Wild,True,3,5,56.7
Is Everyone Hanging Out Without Me? (And Other Concerns),True,3,3,20.11
Isla and the Happily Ever After (Anna and the French Kiss #3),True,5,5,48.13
Island of Dragons (Unwanteds #7),True,14,1,29.65
It,True,4,3,25.01
It Didn't Start with You: How Inherited Family Trauma Shapes Who We Are and How to End the Cycle,True,11,3,56.27
"It's All Easy: Healthy, Delicious Weeknight Meals in under 30 Minutes",True,14,1,19.55
It's Never Too Late to Begin Again: Discovering Creativity and Meaning at Midlife and Beyond,True,3,1,42.38
It's Only the Himalayas,True,19,2,45.17
Jane Eyre,True,1,5,38.43
John Adams,True,7,4,57.43
John Vassos: Industrial Design for Modern Life,True,8,4,20.22
Join,True,16,5,35.67
Judo: Seven Steps to Black Belt (an Introductory Guide for Beginners),True,16,2,53.9
Jurassic Park (Jurassic Park #1),True,3,1,44.97
Keep Me Posted,True,11,4,20.46
Kierkegaard: A Christian Missionary to Christians,True,8,1,47.13
Kill 'Em and Leave: Searching for James Brown and the American Soul,True,8,5,45.05
Kill the Boy Band,True,5,5,15.52
Killing Floor (Jack Reacher #1),True,5,4,31.49
Kindle Paperwhite User's Guide,True,2,3,34.0
King's Folly (The Kinsman Chronicles #1),True,7,5,39.61
Kitchens of the Great Midwest,True,1,5,57.2
Lab Girl,True,11,1,40.85
Lady Midnight (The Dark Artifices #1),True,14,5,16.28
Lady Renegades (Rebel Belle #3),True,3,5,53.04
"Lamb: The Gospel According to Biff, Christ's Childhood Pal",True,3,5,55.5
Large Print Heart of the Pride,True,15,2,19.15
Last One Home (New Beginnings #1),True,5,3,59.98
"Layered: Baking, Building, and Styling Spectacular Cakes",True,16,1,40.11
"Lean In: Women, Work, and the Will to Lead",True,3,1,25.02
Leave This Song Behind: Teen Poetry at Its Best,True,7,5,51.17
Left Behind (Left Behind #1),True,8,2,40.72
Legend (Legend #1),True,3,4,43.69
Les Fleurs du Mal,True,8,5,29.04
Let It Out: A Journey Through Journaling,True,14,5,26.79
Let's Pretend This Never Happened: A Mostly True Memoir,True,3,1,45.11
Letter to a Christian Nation,True,3,1,22.2
Libertarianism for Beginners,True,19,2,51.33
Library of Souls (Miss Peregrineâs Peculiar Children #3),True,15,5,48.56
Lies and Other Acts of Love,True,11,1,45.14
Life,True,2,5,31.58
Life After Life,True,3,2,26.13
Life Without a Recipe,True,3,5,59.04
Life of Pi,True,7,4,13.22
"Life, the Universe and Everything (Hitchhiker's Guide to the Galaxy #3)",True,3,2,33.26
Like Never Before (Walker Family #2),True,7,2,28.77
Lila (Gilead #3),True,3,3,12.47
Lilac Girls,True,11,2,17.28
Listen to Me (Fusion #1),True,1,3,58.99
Little Red,True,15,3,13.47
Little Women (Little Women #1),True,4,4,28.07
Living Forward: A Proven Plan to Stop Drifting and Get the Life You Want,True,8,3,12.55
"Living Leadership by Insight: A Good Leader Achieves, a Great Leader Builds Monuments",True,14,4,46.91
Logan Kade (Fallen Crest High #5.5),True,5,2,13.12
Lola and the Boy Next Door (Anna and the French Kiss #2),True,5,4,23.63
Looking for Lovely: Collecting the Moments that Matter,True,14,5,29.14
Lord of the Flies,True,1,3,24.89
Lost Among the Living,True,1,4,27.7
Louisa: The Extraordinary Life of Mrs. Adams,True,15,2,16.85
Love Is a Mix Tape (Music #1),True,14,1,18.03
"Love That Boy: What Two Presidents, Eight Road Trips, and My Son Taught Me About a Parent's Expectations",True,8,2,25.06
"Love, Lies and Spies",True,12,2,20.55
Lowriders to the Center of the Earth (Lowriders in Space #2),True,14,2,51.51
Luckiest Girl Alive,True,14,3,49.83
Luis Paints the World,True,14,3,53.95
Lumberjanes Vol. 3: A Terrible Plan (Lumberjanes #9-12),True,16,2,19.92
"Lumberjanes, Vol. 1: Beware the Kitten Holy (Lumberjanes #1-4)",True,16,3,45.61
"Lumberjanes, Vol. 2: Friendship to the Max (Lumberjanes #5-8)",True,16,2,46.91
Lust & Wonder,True,3,2,11.87
M Train,True,11,1,27.18
Made to Stick: Why Some Ideas Survive and Others Die,True,14,5,38.85
"Mama Tried: Traditional Italian Cooking for the Screwed, Crude, Vegan, and Tattooed",True,16,4,14.02
Man's Search for Meaning,True,8,3,29.48
Manuscript Found in Accra,True,3,2,34.98
Masks and Shadows,True,16,2,56.4
Matilda,True,1,1,28.34
Maude (1883-1993):She Grew Up with the country,True,18,2,18.02
Maybe Something Beautiful: How Art Transformed a Neighborhood,True,5,1,22.54
Me Before You (Me Before You #1),True,6,1,19.02
Me Talk Pretty One Day,True,3,2,57.6
Meditations,True,1,2,25.89
Memoirs of a Geisha,True,7,3,49.67
Mere Christianity,True,6,3,48.51
Mesaerion: The Best Science Fiction Stories 1800-1849,True,19,1,37.59
Meternity,True,7,3,43.58
Mexican Today: New and Rediscovered Recipes for Contemporary Kitchens,True,5,5,24.91
Midnight Riot (Peter Grant/ Rivers of London - books #1),True,3,2,55.46
Miller's Valley,True,8,2,58.54
"Miracles from Heaven: A Little Girl, Her Journey to Heaven, and Her Amazing Story of Healing",True,3,1,57.83
Misery,True,4,2,34.79
Miss Peregrineâs Home for Peculiar Children (Miss Peregrineâs Peculiar Children #1),True,15,1,10.76
Mockingjay (The Hunger Games #3),True,4,4,20.44
Modern Day Fables,True,9,2,47.44
Modern Romance,True,15,5,28.26
More Than Music (Chasing the Dream #1),True,14,2,37.61
Morning Star (Red Rising #3),True,3,1,29.4
Most Wanted,True,12,3,35.28
"Mother, Can You Not?",True,11,5,16.89
Mothering Sunday,True,11,2,13.34
Mr. Mercedes (Bill Hodges Trilogy #1),True,14,1,28.9
Mrs. Houdini,True,15,5,30.25
"Ms. Marvel, Vol. 1: No Normal (Ms. Marvel (2014-2015) #1)",True,1,4,39.39
Murder at the 42nd Street Library (Raymond Ambler #1),True,12,4,54.36
Musicophilia: Tales of Music and the Brain,True,6,1,46.58
My Kind of Crazy,True,14,1,40.36
My Kitchen Year: 136 Recipes That Saved My Life,True,13,2,11.53
My Life Next Door (My Life Next Door ),True,8,5,36.39
My Mother Was Nuts,True,5,4,31.63
My Mrs. Brown,True,14,3,24.48
My Name Is Lucy Barton,True,14,1,41.56
My Paris Kitchen: Recipes and Stories,True,16,2,33.37
My Perfect Mistake (Over the Top #1),True,1,2,38.92
Myriad (Prentor #1),True,1,4,58.75
"NaNo What Now? Finding your editing process, revising your NaNoWriMo book and building a writing career through publishing and beyond",True,9,4,10.41
Naked,True,3,3,31.69
Nap-a-Roo,True,9,1,25.08
"Naruto (3-in-1 Edition), Vol. 14: Includes Vols. 40, 41 & 42 (Naruto: Omnibus #14)",True,14,2,38.39
"Naturally Lean: 125 Nourishing Gluten-Free, Plant-Based Recipes--All Under 300 Calories",True,7,5,11.38
Needful Things,True,4,4,47.51
Neither Here nor There: Travels in Europe,True,3,3,38.95
New Moon (Twilight #2),True,2,4,12.86
Night (The Night Trilogy #1),True,3,1,13.51
Night Shift (Night Shift #1-20),True,4,4,12.75
Night Sky with Exit Wounds,True,15,1,41.05
"Nightingale, Sing",True,15,1,38.28
Nightstruck: A Novel,True,7,4,50.35
No Dream Is Too High: Life Lessons From a Man Who Walked on the Moon,True,14,2,21.95
No Love Allowed (Dodge Cove #1),True,12,4,54.65
No One Here Gets Out Alive,True,4,5,20.02
Notes from a Small Island (Notes From a Small Island #1),True,3,1,40.17
Obsidian (Lux #1),True,16,2,14.86
Of Mice and Men,True,1,2,47.11
Off Sides (Off #1),True,1,5,39.45
Off the Hook (Fishing for Trouble #1),True,11,3,47.67
Old Records Never Die: One Man's Quest for His Vinyl and His Past,True,1,2,55.66
Old School (Diary of a Wimpy Kid #10),True,14,5,11.83
Olio,True,19,1,23.88
On a Midnight Clear,True,16,3,14.07
On the Road (Duluoz Legend),True,1,3,32.36
Once Was a Time,True,14,2,18.28
One Second (Seven #7),True,1,2,52.94
One for the Money (Stephanie Plum #1),True,3,2,32.87
One with You (Crossfire #5),True,12,4,15.71
Online Marketing for Busy Authors: A Step-By-Step Guide,True,16,1,46.35
Orange Is the New Black,True,3,2,24.61
"Orchestra of Exiles: The Story of Bronislaw Huberman, the Israel Philharmonic, and the One Thousand Jews He Saved from Nazi Horrors",True,4,3,12.36
Original Fake,True,3,3,31.45
Origins (Alphas 0.5),True,1,1,28.99
"Our Band Could Be Your Life: Scenes from the American Indie Underground, 1981-1991",True,19,3,57.25
"Ouran High School Host Club, Vol. 1 (Ouran High School Host Club #1)",True,1,3,29.87
Out of Print: City Lights Spotlight No. 14,True,8,5,53.64
"Outcast, Vol. 1: A Darkness Surrounds Him (Outcast #1)",True,16,4,15.44
Outlander (Outlander #1),True,4,5,19.67
Outliers: The Story of Success,True,3,1,14.16
"Overload: How to Unplug, Unwind, and Unleash Yourself from the Pressure of Stress",True,14,3,52.15
Packing for Mars: The Curious Science of Life in the Void,True,3,2,56.68
"Paper Girls, Vol. 1 (Paper Girls #1-5)",True,1,4,21.71
Paper and Fire (The Great Library #2),True,4,5,49.45
Paradise Lost (Paradise #1),True,1,1,24.96
Patience,True,16,3,10.16
Peak: Secrets from the New Science of Expertise,True,5,2,16.28
Penny Maybe,True,18,3,33.29
Persepolis: The Story of a Childhood (Persepolis #1-2),True,3,1,39.13
Pet Sematary,True,14,3,10.56
Playing from the Heart,True,7,1,32.38
Playing with Fire,True,11,3,13.71
Please Kill Me: The Uncensored Oral History of Punk,True,8,4,31.19
Poems That Make Grown Women Cry,True,15,4,14.19
Poisonous (Max Revere Novels #3),True,12,3,26.8
"Political Suicide: Missteps, Peccadilloes, Bad Calls, Backroom Hijinx, Sordid Pasts, Rotten Breaks, and Just Plain Dumb Mistakes in the Annals of American Politics",True,16,2,36.28
"Pop Gun War, Volume 1: Gift",True,16,1,18.97
Poses for Artists Volume 1 - Dynamic and Sitting Poses: An Essential Reference for Figure Drawing and the Human Form,True,15,1,41.06
Pride and Prejudice,True,6,4,19.27
Princess Between Worlds (Wide-Awake Princess #5),True,16,5,13.34
"Princess Jellyfish 2-in-1 Omnibus, Vol. 01 (Princess Jellyfish 2-in-1 Omnibus #1)",True,16,5,13.61
Private Paris (Private #10),True,17,5,47.61
Prodigy: The Graphic Novel (Legend: The Graphic Novel #2),True,3,3,43.63
Proofs of God: Classical Arguments from Tertullian to Barth,True,8,1,54.21
Psycho: Sanitarium (Psycho #1.5),True,12,5,36.97
"Quarter Life Poetry: Poems for the Young, Broke and Hangry",True,14,5,50.89
Quench Your Own Thirst: Business Lessons Learned Over a Beer or Two,True,12,1,43.14
Quiet: The Power of Introverts in a World That Can't Stop Talking,True,3,1,43.55
Rain Fish,True,14,3,23.57
Raspberry Pi Electronics Projects for the Evil Genius,True,12,4,49.67
"Rat Queens, Vol. 1: Sass & Sorcery (Rat Queens (Collected Editions) #1-5)",True,1,5,46.96
"Rat Queens, Vol. 3: Demons (Rat Queens (Collected Editions) #11-15)",True,16,3,50.4
Raymie Nightingale,True,7,2,34.41
Ready Player One,True,3,4,19.07
Reasons to Stay Alive,True,17,2,26.41
Red Dragon (Hannibal Lecter #1),True,5,3,23.37
"Red Hood/Arsenal, Vol. 1: Open for Business (Red Hood/Arsenal #1)",True,14,2,25.48
Red: The True Story of Red Riding Hood,True,3,3,28.54
Redeeming Love,True,15,5,20.47
Remember Me?,True,5,3,11.48
Reservations for Two,True,3,3,11.1
Reskilling America: Learning to Labor in the Twenty-First Century,True,16,2,19.83
Rework,True,3,2,44.88
"Rhythm, Chord & Malykhin",True,1,2,28.34
"Rich Dad, Poor Dad",True,7,1,51.74
Rip it Up and Start Again,True,19,5,35.02
"Rise of the Rocket Girls: The Women Who Propelled Us, from Missiles to the Moon to Mars",True,3,4,41.67
Rising Strong,True,8,3,21.82
Robin War,True,14,3,47.82
Rogue Lawyer (Rogue Lawyer #1),True,3,3,50.11
Roller Girl,True,8,5,14.1
Romero and Juliet: A Tragic Tale of Love and Zombies,True,15,1,36.94
Rook,True,13,4,37.86
"Run, Spot, Run: The Ethics of Keeping Pets",True,2,1,20.02
Running with Scissors,True,3,4,12.91
"Saga, Volume 1 (Saga (Collected Editions) #1)",True,1,1,28.48
"Saga, Volume 2 (Saga (Collected Editions) #2)",True,2,3,11.75
"Saga, Volume 3 (Saga (Collected Editions) #3)",True,3,5,21.57
"Saga, Volume 5 (Saga (Collected Editions) #5)",True,16,2,51.04
"Saga, Volume 6 (Saga (Collected Editions) #6)",True,16,3,25.02
Sapiens: A Brief History of Humankind,True,20,5,54.23
Sarah's Key,True,3,1,46.29
Scarlet (The Lunar Chronicles #2),True,3,4,14.57
Scarlett Epstein Hates It Here,True,15,5,43.55
Scott Pilgrim's Precious Little Life (Scott Pilgrim #1),True,19,5,52.29
Searching for Meaning in Gailana,True,13,1,38.73
Secrets and Lace (Fatal Hearts #1),True,15,1,20.27
Security,True,16,2,39.25
See America: A Celebration of Our National Parks & Treasured Sites,True,14,3,48.87
Sense and Sensibility,True,1,1,37.46
Set Me Free,True,19,5,17.46
"Setting the World on Fire: The Brief, Astonishing Life of St. Catherine of Siena",True,11,2,21.15
Settling the Score (The Summer Games #1),True,1,2,44.91
Seven Brief Lessons on Physics,True,3,4,30.6
Seven Days in the Art World,True,3,2,52.33
Shadow Rites (Jane Yellowrock #10),True,1,4,21.72
Shadows of the Past (Logan Point #1),True,8,5,39.67
Shakespeare's Sonnets,True,19,4,20.66
Shameless,True,1,3,58.35
Sharp Objects,True,20,4,47.82
Shatter Me (Shatter Me #1),True,1,1,42.4
Ship Leaves Harbor: Essays on Travel by a Recovering Journeyman,True,6,3,30.6
Shiver (The Wolves of Mercy Falls #1),True,5,5,16.23
"Shobu Samurai, Project Aryoku (#3)",True,15,3,29.06
Shoe Dog: A Memoir by the Creator of NIKE,True,15,2,23.99
Shopaholic & Baby (Shopaholic #5),True,3,2,46.45
Shopaholic Ties the Knot (Shopaholic #3),True,4,5,48.39
"Shrunken Treasures: Literary Classics, Short, Sweet, and Silly",True,7,3,52.87
Shtum,True,14,4,55.84
Siddhartha,True,5,5,34.22
Silence in the Dark (Logan Point #4),True,8,3,58.33
Sister Dear,True,7,4,40.2
Sister Sable (The Mad Queen #1),True,1,3,13.33
"Sit, Stay, Love",True,7,3,20.9
"Skip Beat!, Vol. 01 (Skip Beat! #1)",True,1,3,42.12
Sleeping Giants (Themis Files #1),True,11,1,48.74
Slow States of Collapse: Poems,True,17,3,57.31
Smarter Faster Better: The Secrets of Being Productive in Life and Business,True,8,5,38.89
Snatched: How A Drug Queen Went Undercover for the DEA and Was Kidnapped By Colombian Guerillas,True,12,3,21.21
"So Cute It Hurts!!, Vol. 6 (So Cute It Hurts!! #6)",True,14,4,35.43
So You've Been Publicly Shamed,True,15,2,12.23
Soft Apocalypse,True,15,2,26.12
Soldier (Talon #3),True,3,2,24.72
Some Women,True,4,5,13.73
Someone Like You (The Harrisons #2),True,14,5,52.79
Something Blue (Darcy & Rachel #2),True,3,1,54.62
Something Borrowed (Darcy & Rachel #1),True,3,5,48.96
Something More Than This,True,15,4,16.24
Sophie's World,True,18,5,15.94
Sorting the Beef from the Bull: The Science of Food Fraud Forensics,True,14,4,44.74
Soul Reader,True,16,2,39.58
Soumission,True,20,1,50.1
South of Sunshine,True,8,1,28.93
Spark Joy: An Illustrated Master Class on the Art of Organizing and Tidying Up,True,16,4,41.83
Spilled Milk: Based on a True Story,True,3,1,49.51
Starlark,True,1,3,25.83
Stars Above (The Lunar Chronicles #4.5),True,12,2,48.05
"Starving Hearts (Triangular Trade Trilogy, #1)",True,19,2,13.99
Steal Like an Artist: 10 Things Nobody Told You About Being Creative,True,7,2,20.9
Steve Jobs,True,14,5,39.5
Stiff: The Curious Lives of Human Cadavers,True,3,3,36.74
Still Life with Bread Crumbs,True,14,3,26.41
Suddenly in Love (Lake Haven #1),True,15,2,55.99
Sugar Rush (Offensive Line #2),True,2,1,24.42
Superman Vol. 1: Before Truth (Superman by Gene Luen Yang #1),True,14,5,11.89
"Surely You're Joking, Mr. Feynman!: Adventures of a Curious Character",True,3,2,25.83
Suzie Snowflake: One beautiful flake (a self-esteem story),True,9,5,54.81
Swell: A Year of Waves,True,14,1,45.58
Take Me Home Tonight (Rock Star Romance #3),True,11,3,53.98
Take Me with You,True,14,3,45.21
Taking Shots (Assassins #1),True,1,2,18.88
Talking to Girls About Duran Duran: One Young Man's Quest for True Love and a Cooler Haircut,True,5,4,25.15
Tastes Like Fear (DI Marnie Rome #3),True,14,1,10.69
Team of Rivals: The Political Genius of Abraham Lincoln,True,7,5,20.12
Tell Me Three Things,True,5,1,41.81
Tell the Wind and Fire,True,5,3,45.51
Tell the Wolves I'm Home,True,6,2,50.96
That Darkness (Gardiner and Renner #1),True,14,1,13.92
The 10% Entrepreneur: Live Your Startup Dream Without Quitting Your Day Job,True,15,3,27.55
The 14th Colony (Cotton Malone #11),True,14,1,39.24
The 5th Wave (The 5th Wave #1),True,5,2,11.83
The 7 Habits of Highly Effective People: Powerful Lessons in Personal Change,True,7,4,33.17
The Activist's Tao Te Ching: Ancient Advice for a Modern Revolution,True,16,5,32.24
The Age of Genius: The Seventeenth Century and the Birth of the Modern Mind,True,16,1,19.73
The Alien Club,True,9,1,54.4
The Argonauts,True,15,2,10.93
The Art Book,True,7,2,32.34
The Art Forger,True,16,3,40.76
The Art and Science of Low Carbohydrate Living,True,9,5,52.98
The Art of Fielding,True,3,1,22.1
The Art of Not Breathing,True,1,4,40.83
"The Art of Simple Food: Notes, Lessons, and Recipes from a Delicious Revolution",True,3,3,34.32
The Art of Startup Fundraising,True,11,3,21.0
The Art of War,True,15,5,33.34
The Artist's Way: A Spiritual Path to Higher Creativity,True,15,5,38.49
The Autobiography of Malcolm X,True,3,2,23.43
The Bachelor Girl's Guide to Murder (Herringford and Watts Mysteries #1),True,7,5,52.3
The Bad-Ass Librarians of Timbuktu: And Their Race to Save the Worldâs Most Precious Manuscripts,True,14,1,15.77
The Bane Chronicles (The Bane Chronicles #1-11),True,14,4,44.73
The Barefoot Contessa Cookbook,True,6,5,59.92
The Bear and the Piano,True,18,1,36.89
The Beast (Black Dagger Brotherhood #14),True,4,5,46.08
The Bette Davis Club,True,1,3,30.66
The Bhagavad Gita,True,1,3,57.49
The Black Maria,True,19,1,52.15
The Blind Side: Evolution of a Game,True,3,5,53.71
The Bone Hunters (Lexy Vaughan & Steven Macaulay #2),True,4,3,59.71
The Book Thief,True,3,2,53.49
The Book of Basketball: The NBA According to The Sports Guy,True,3,5,44.84
The Book of Mormon,True,9,3,24.57
The Bourne Identity (Jason Bourne #1),True,7,4,42.78
The Boys in the Boat: Nine Americans and Their Epic Quest for Gold at the 1936 Berlin Olympics,True,19,4,22.6
The Bridge to Consciousness: I'm Writing the Bridge Between Science and Our Old and New Beliefs.,True,15,3,32.0
"The Bulletproof Diet: Lose up to a Pound a Day, Reclaim Energy and Focus, Upgrade Your Life",True,16,3,49.05
The Case for Christ (Cases for Christianity),True,3,1,47.84
The Cat in the Hat (Beginner Books B-1),True,3,2,16.26
The Catcher in the Rye,True,3,1,24.55
The Children,True,12,3,11.88
The Collected Poems of W.B. Yeats (The Collected Works of W.B. Yeats #1),True,6,5,15.42
"The Coming Woman: A Novel Based on the Life of the Infamous Feminist, Victoria Woodhull",True,19,3,17.93
The Communist Manifesto,True,1,3,14.76
The Complete Maus (Maus #1-2),True,1,3,10.64
The Complete Poems,True,3,5,41.32
The Complete Stories and Poems (The Works of Edgar Allan Poe [Cameo Edition]),True,3,4,26.78
The Constant Princess (The Tudor Court #1),True,7,3,16.62
The Cookies & Cups Cookbook: 125+ sweet & savory recipes reminding you to Always Eat Dessert First,True,15,1,41.25
The Course of Love,True,2,3,16.78
The Crossover,True,5,4,38.77
The Cuckoo's Calling (Cormoran Strike #1),True,3,1,19.21
The Da Vinci Code (Robert Langdon #2),True,3,2,22.96
The Darkest Corners,True,5,5,11.33
The Darkest Lie,True,14,5,35.35
The Day the Crayons Came Home (Crayons),True,3,5,26.33
The Death of Humanity: and the Case for Life,True,16,4,58.11
"The Demon Prince of Momochi House, Vol. 4 (The Demon Prince of Momochi House #4)",True,4,2,27.88
The Demon-Haunted World: Science as a Candle in the Dark,True,3,4,52.25
The Demonists (Demonist #1),True,4,2,52.11
The Devil Wears Prada (The Devil Wears Prada #1),True,3,1,44.29
The Diary of a Young Girl,True,12,3,59.9
The Dinner Party,True,12,2,56.54
The Dirty Little Secrets of Getting Your Dream Job,True,19,4,33.34
"The Disappearing Spoon: And Other True Tales of Madness, Love, and the History of the World from the Periodic Table of the Elements",True,3,5,57.35
The Dovekeepers,True,14,1,48.78
The Dream Thieves (The Raven Cycle #2),True,5,1,34.5
The Drowning Girls,True,7,3,35.67
The E-Myth Revisited: Why Most Small Businesses Don't Work and What to Do About It,True,8,1,36.91
The Edge of Reason (Bridget Jones #2),True,1,4,19.18
The Electric Pencil: Drawings from Inside State Hospital No. 3,True,16,1,56.06
"The Elegant Universe: Superstrings, Hidden Dimensions, and the Quest for the Ultimate Theory",True,3,4,13.03
The Elephant Tree,True,18,5,23.82
The Emerald Mystery,True,15,2,23.15
"The End of Faith: Religion, Terror, and the Future of Reason",True,3,4,22.13
The End of the Jesus Era (An Investigation #1),True,1,1,14.4
The Epidemic (The Program 0.6),True,12,5,14.44
The Exiled,True,3,3,43.45
The Expatriates,True,5,2,44.58
"The Fabric of the Cosmos: Space, Time, and the Texture of Reality",True,9,1,55.91
The Faith of Christopher Hitchens: The Restless Soul of the World's Most Notorious Atheist,True,7,1,39.55
The False Prince (The Ascendance Trilogy #1),True,5,5,56.0
The Fault in Our Stars,True,5,1,47.22
The Fellowship of the Ring (The Lord of the Rings #1),True,6,2,10.27
The Firm,True,5,3,45.56
The First Hostage (J.B. Collins #2),True,14,3,25.85
The Five Love Languages: How to Express Heartfelt Commitment to Your Mate,True,18,3,31.05
The Flowers Lied,True,9,2,16.68
The Four Agreements: A Practical Guide to Personal Freedom,True,18,5,17.66
The Genius of Birds,True,15,1,17.24
The Geography of Bliss: One Grump's Search for the Happiest Places in the World,True,4,2,28.23
The Girl In The Ice (DCI Erika Foster #1),True,1,3,15.85
The Girl Who Kicked the Hornet's Nest (Millennium Trilogy #3),True,3,1,57.48
The Girl Who Played with Fire (Millennium Trilogy #2),True,3,2,22.14
The Girl You Left Behind (The Girl You Left Behind #1),True,6,1,15.79
The Girl You Lost,True,1,5,12.29
The Girl on the Train,True,15,2,55.02
The Girl with All the Gifts,True,3,3,49.47
The Giver (The Giver Quartet #1),True,3,1,12.3
The Glass Castle,True,7,1,16.24
The Glittering Court (The Glittering Court #1),True,15,1,44.28
The God Delusion,True,6,3,46.85
The Golden Compass (His Dark Materials #1),True,6,1,18.77
The Golden Condom: And Other Essays on Love Lost and Found,True,12,1,39.43
The Goldfinch,True,3,3,43.58
The Good Girl,True,7,3,49.03
The Grand Design,True,5,3,13.76
The Gray Rhino: How to Recognize and Act on the Obvious Dangers We Ignore,True,12,4,59.15
The Great Gatsby,True,7,4,36.05
The Great Railway Bazaar,True,6,1,30.54
The Grownup,True,8,1,35.88
The Guernsey Literary and Potato Peel Pie Society,True,3,1,49.53
The Guilty (Will Robie #4),True,14,2,13.82
The Gunning of America: Business and the Making of American Gun Culture,True,4,4,16.81
The Guns of August,True,3,2,14.54
The Gutsy Girl: Escapades for Your Life of Epic Adventure,True,16,1,37.13
The Haters,True,1,5,27.89
The Help Yourself Cookbook for Kids: 60 Easy Plant-Based Recipes Kids Can Make to Stay Healthy and Save the Earth,True,14,3,28.77
The Hidden Oracle (The Trials of Apollo #1),True,14,2,52.26
The Hiding Place,True,5,4,55.91
The High Mountains of Portugal,True,8,1,51.15
The Hitchhiker's Guide to the Galaxy (Hitchhiker's Guide to the Galaxy #1),True,3,3,47.8
The Hobbit (Middle-Earth Universe),True,6,5,17.8
The Hook Up (Game On #1),True,1,5,36.29
The Hound of the Baskervilles (Sherlock Holmes #5),True,4,2,14.82
The House by the Lake,True,15,1,36.95
The Hunger Games (The Hunger Games #1),True,4,5,29.85
The Husband's Secret,True,3,5,52.51
The Iliad,True,1,1,16.16
The Immortal Life of Henrietta Lacks,True,14,2,40.67
The Improbability of Love,True,11,1,59.45
"The Inefficiency Assassin: Time Management Tactics for Working Smarter, Not Longer",True,16,5,20.59
The Infinities,True,3,1,27.41
The Invention of Wings,True,6,1,37.34
The Jazz of Physics: The Secret Link Between Music and the Structure of the Universe,True,4,3,38.71
The Joy of Cooking,True,6,4,43.27
The Kite Runner,True,15,4,41.82
"The Land of 10,000 Madonnas",True,3,4,29.64
The Last Girl (The Dominion Trilogy #1),True,1,2,36.26
The Last Mile (Amos Decker #2),True,14,2,54.21
The Last Painting of Sara de Vos,True,3,2,55.55
The Lean Startup: How Today's Entrepreneurs Use Continuous Innovation to Create Radically Successful Businesses,True,3,3,33.92
The Life-Changing Magic of Tidying Up: The Japanese Art of Decluttering and Organizing,True,16,3,16.77
The Light of the Fireflies,True,1,1,54.43
The Literature Book (Big Ideas Simply Explained),True,14,3,17.43
The Little Paris Bookshop,True,5,3,24.73
The Little Prince,True,1,2,45.42
The Lonely City: Adventures in the Art of Being Alone,True,12,2,33.26
The Lonely Ones,True,3,5,43.59
The Loney,True,14,1,23.4
The Long Haul (Diary of a Wimpy Kid #9),True,14,1,44.07
The Long Shadow of Small Ghosts: Murder and Memory in an American City,True,15,1,10.97
The Love and Lemons Cookbook: An Apple-to-Zucchini Celebration of Impromptu Cooking,True,15,2,37.6
The Lover's Dictionary,True,3,2,58.09
The Lucifer Effect: Understanding How Good People Turn Evil,True,14,1,10.4
The Makings of a Fatherless Child,True,6,2,31.58
The Man Who Mistook His Wife for a Hat and Other Clinical Tales,True,6,4,59.45
The Marriage of Opposites,True,14,4,28.08
The Martian (The Martian #1),True,8,2,41.39
The Matchmaker's Playbook (Wingmen Inc. #1),True,15,1,55.85
The Mathews Men: Seven Brothers and the War Against Hitler's U-boats,True,5,5,42.91
The Maze Runner (The Maze Runner #1),True,3,1,20.93
The Metamorphosis,True,5,1,28.58
"The Midnight Assassin: Panic, Scandal, and the Hunt for America's First Serial Killer",True,8,4,28.45
The Midnight Watch: A Novel of the Titanic and the Californian,True,12,1,26.2
"The Mindfulness and Acceptance Workbook for Anxiety: A Guide to Breaking Free from Anxiety, Phobias, and Worry Using Acceptance and Commitment Therapy",True,16,4,23.89
The Mirror & the Maze (The Wrath and the Dawn #1.5),True,1,1,29.38
The Mistake (Off-Campus #2),True,15,3,43.29
"The Moosewood Cookbook: Recipes from Moosewood Restaurant, Ithaca, New York",True,9,4,12.34
The Most Perfect Thing: Inside (and Outside) a Bird's Egg,True,16,4,42.96
The Murder That Never Was (Forensic Instincts #5),True,16,3,54.11
The Murder of Roger Ackroyd (Hercule Poirot #4),True,15,4,44.1
The Mysterious Affair at Styles (Hercule Poirot #1),True,6,4,24.8
The Name of God is Mercy,True,3,2,37.25
The Name of the Wind (The Kingkiller Chronicle #1),True,1,3,50.59
The Nameless City (The Nameless City #1),True,16,4,38.16
The Nanny Diaries (Nanny #1),True,3,5,52.53
The Natural History of Us (The Fine Art of Pretending #2),True,16,3,45.22
The Nerdy Nummies Cookbook: Sweet Treats for the Geek in All of Us,True,15,5,37.34
The New Brand You: Your New Image Makes the Sale for You,True,9,5,44.05
The New Drawing on the Right Side of the Brain,True,8,3,43.02
The New Guy (and Other Senior Year Distractions),True,3,3,44.92
The Nicomachean Ethics,True,1,1,36.34
The Nightingale,True,3,4,26.26
The No. 1 Ladies' Detective Agency (No. 1 Ladies' Detective Agency #1),True,1,4,57.7
The Obsession,True,3,1,45.43
The Odyssey,True,1,3,29.64
The Omnivore's Dilemma: A Natural History of Four Meals,True,15,2,38.21
The Origin of Species,True,7,4,10.01
The Paris Wife,True,3,3,36.8
The Passion of Dolssa,True,4,5,28.32
The Past Never Ends,True,16,4,56.5
The Perfect Play (Play by Play #1),True,4,3,59.99
The Perks of Being a Wallflower,True,6,3,55.02
The Picture of Dorian Gray,True,3,2,29.7
The Pilgrim's Progress,True,4,2,50.26
"The Pioneer Woman Cooks: Dinnertime: Comfort Classics, Freezer Food, 16-Minute Meals, and Other Delicious Ways to Solve Supper!",True,16,1,56.41
The Power Greens Cookbook: 140 Delicious Superfood Recipes,True,5,5,11.05
The Power of Habit: Why We Do What We Do in Life and Business,True,14,3,16.88
The Power of Now: A Guide to Spiritual Enlightenment,True,15,2,43.54
The Project,True,15,1,10.65
The Psychopath Test: A Journey Through the Madness Industry,True,15,2,36.0
The Purest Hook (Second Circle Tattoos #3),True,3,1,12.25
The Purpose Driven Life: What on Earth Am I Here for?,True,3,3,37.19
The Raven Boys (The Raven Cycle #1),True,5,4,57.74
The Raven King (The Raven Cycle #4),True,5,2,30.57
The Red Tent,True,3,5,35.66
The Regional Office Is Under Attack!,True,15,5,51.36
The Republic,True,1,3,33.78
The Requiem Red,True,19,1,22.65
The Rest Is Noise: Listening to the Twentieth Century,True,3,1,34.77
The Restaurant at the End of the Universe (Hitchhiker's Guide to the Galaxy #2),True,3,1,10.92
The Rise and Fall of the Third Reich: A History of Nazi Germany,True,6,2,39.67
The Rise of Theodore Roosevelt (Theodore Roosevelt #1),True,3,3,42.57
The Road to Little Dribbling: Adventures of an American in Britain (Notes From a Small Island #2),True,3,1,23.21
The Rose & the Dagger (The Wrath and the Dawn #2),True,3,4,58.64
The Rosie Project (Don Tillman #1),True,14,1,54.04
"The Sandman, Vol. 1: Preludes and Nocturnes (The Sandman (volumes) #1)",True,1,3,54.12
"The Sandman, Vol. 2: The Doll's House (The Sandman (volumes) #2)",True,2,1,54.81
"The Sandman, Vol. 3: Dream Country (The Sandman (volumes) #3)",True,3,5,55.55
The Secret (The Secret #1),True,15,4,27.37
The Secret Garden,True,5,4,15.08
The Secret Healer,True,1,3,34.56
The Secret of Dreadwillow Carse,True,16,1,56.13
The Selfish Gene,True,1,1,29.45
The Sense of an Ending,True,2,3,31.38
The Shack,True,9,1,28.03
The Shadow Hero (The Shadow Hero),True,15,1,33.14
The Shining (The Shining #1),True,4,3,27.88
The Silent Sister (Riley MacPherson #1),True,12,5,46.29
The Silent Twin (Detective Jennifer Knight #3),True,1,3,36.25
The Silent Wife,True,1,5,12.34
The Silkworm (Cormoran Strike #2),True,3,5,23.05
"The Sleep Revolution: Transforming Your Life, One Night at a Time",True,11,4,11.68
The Smitten Kitchen Cookbook,True,3,1,23.59
The Song of Achilles,True,14,5,37.4
The Songs of the Gods,True,14,5,44.48
The Sound Of Love,True,6,5,57.84
The Stand,True,3,2,57.86
The Star-Touched Queen,True,14,5,46.02
The Star-Touched Queen,True,12,5,32.3
The Story of Art,True,7,4,41.14
The Story of Hong Gildong,True,1,4,43.19
The Stranger,True,15,4,17.44
"The Suffragettes (Little Black Classics, #96)",True,2,2,11.89
The Testament of Mary,True,14,4,52.67
The Thing About Jellyfish,True,3,1,48.77
The Third Wave: An Entrepreneurâs Vision of the Future,True,15,5,12.61
"The Three Searches, Meaning, and the Story",True,13,3,13.33
The Time Keeper,True,14,5,27.88
The Tipping Point: How Little Things Can Make a Big Difference,True,3,2,10.02
The Torch Is Passed: A Harding Family Story,True,16,1,19.09
The Travelers,True,3,1,15.77
The Tumor,True,1,5,41.56
The Undomestic Goddess,True,3,4,45.75
The Unlikely Pilgrimage of Harold Fry (Harold Fry #1),True,8,5,43.62
The Vacationers,True,15,4,42.15
The Wedding Dress,True,15,1,24.12
The Wedding Pact (The O'Malleys #2),True,14,3,32.61
The Whale,True,7,4,35.96
The White Cat and the Monk: A Retelling of the Poem âPangur BÃ¡nâ,True,15,4,58.08
The White Queen (The Cousins' War #1),True,14,5,25.91
"The Wicked + The Divine, Vol. 1: The Faust Act (The Wicked + The Divine)",True,1,2,36.52
"The Wicked + The Divine, Vol. 3: Commercial Suicide (The Wicked + The Divine)",True,3,3,14.41
The Widow,True,11,2,27.26
The Wild Robot,True,3,3,56.07
The Wright Brothers,True,14,4,56.8
The Year of Living Biblically: One Man's Humble Quest to Follow the Bible as Literally as Possible,True,7,1,34.72
The Year of Magical Thinking,True,14,2,43.04
The Zombie Room,True,1,5,19.69
"Thinking, Fast and Slow",True,3,1,21.14
Thirst,True,16,5,17.27
Thirteen Reasons Why,True,15,1,52.72
This Is Where It Ends,True,14,2,27.12
This Is Your Brain on Music: The Science of a Human Obsession,True,5,1,38.4
This One Moment (Pushing Limits #1),True,1,1,48.71
This One Summer,True,16,4,19.49
Thomas Jefferson and the Tripoli Pirates: The Forgotten War That Changed American History,True,15,1,59.64
Three Wishes (River of Time: California #1),True,1,2,44.18
Three-Martini Lunch,True,3,3,23.21
Throne of Glass (Throne of Glass #1),True,15,3,35.07
Through the Woods,True,14,2,25.38
Throwing Rocks at the Google Bus: How Growth Became the Enemy of Prosperity,True,16,3,31.12
Tipping Point for Planet Earth: How Close Are We to the Edge?,True,12,1,37.55
Tipping the Velvet,True,20,1,53.74
Toddlers Are A**holes: It's Not Your Fault,True,7,1,25.55
Tracing Numbers on a Train,True,15,3,41.6
Travels with Charley: In Search of America,True,1,5,57.82
"Trespassing Across America: One Man's Epic, Never-Done-Before (and Sort of Illegal) Hike Across the Heartland",True,3,1,53.51
Troublemaker: Surviving Hollywood and Scientology,True,11,2,48.39
Tsubasa: WoRLD CHRoNiCLE 2 (Tsubasa WoRLD CHRoNiCLE #2),True,16,1,16.28
Tuesday Nights in 1980,True,15,2,21.04
Twenties Girl,True,3,2,42.8
Twenty Love Poems and a Song of Despair,True,1,4,30.95
Twenty Yawns,True,14,2,22.08
Twilight (Twilight #1),True,3,2,41.93
Two Boys Kissing,True,3,2,32.74
Two Summers,True,5,1,14.64
"Unbound: How Eight Technologies Made Us Human, Transformed Society, and Brought Our World to the Brink",True,16,1,25.52
"Unbroken: A World War II Story of Survival, Resilience, and Redemption",True,14,2,45.95
Under the Banner of Heaven: A Story of Violent Faith,True,3,1,30.0
Under the Tuscan Sun,True,7,3,37.33
Underlying Notes,True,9,2,11.82
Unicorn Tracks,True,16,3,18.78
Unlimited Intuition Now,True,9,4,58.87
Unreasonable Hope: Finding Faith in the God Who Brings Purpose to Your Pain,True,7,2,46.33
"Unseen City: The Majesty of Pigeons, the Discreet Charm of Snails & Other Wonders of the Urban Wilderness",True,16,4,44.18
"Unstuffed: Decluttering Your Home, Mind, and Soul",True,3,1,58.09
Until Friday Night (The Field Party #1),True,14,2,46.31
Untitled Collection: Sabbath Poems 2014,True,16,4,14.27
V for Vendetta (V for Vendetta Complete),True,14,4,37.1
Vagabonding: An Uncommon Guide to the Art of Long-Term World Travel,True,8,2,36.94
Vampire Girl (Vampire Girl #1),True,1,2,53.82
"Vampire Knight, Vol. 1 (Vampire Knight #1)",True,1,1,15.4
Vegan Vegetarian Omnivore: Dinner for Everyone at the Table,True,3,2,13.66
Very Good Lives: The Fringe Benefits of Failure and the Importance of Imagination,True,3,3,50.66
Vogue Colors A to Z: A Fashion Coloring Book,True,4,4,52.35
Voyager (Outlander #3),True,3,5,21.07
Walk the Edge (Thunder Road #2),True,3,3,32.36
Wall and Piece,True,18,4,44.18
Walt Disney's Alice in Wonderland,True,14,5,12.96
Watchmen,True,9,4,58.05
Ways of Seeing,True,1,5,39.51
We Are All Completely Beside Ourselves,True,3,1,24.04
"We Are Robin, Vol. 1: The Vigilante Business (We Are Robin #1)",True,14,1,53.9
"We Love You, Charlie Freeman",True,16,5,50.27
We the People: The Modern-Day Figures Who Have Reshaped and Affirmed the Founding Fathers' Vision of America,True,3,3,31.95
What Happened on Beale Street (Secrets of the South Mysteries #2),True,7,5,25.37
What If?: Serious Scientific Answers to Absurd Hypothetical Questions,True,5,4,53.68
What's It Like in Space?: Stories from Astronauts Who've Been There,True,14,2,19.6
When Breath Becomes Air,True,8,2,39.36
When I'm Gone,True,1,3,51.96
When We Collided,True,16,1,31.77
When You Are Engulfed in Flames,True,3,5,30.89
Where Lightning Strikes (Bleeding Stars #3),True,1,3,39.77
Where She Went (If I Stay #2),True,5,4,41.73
"Where'd You Go, Bernadette",True,3,1,18.13
While You Were Mine,True,1,5,41.32
Whole Lotta Creativity Going On: 60 Fun and Unusual Exercises to Awaken and Strengthen Your Creativity,True,14,4,38.2
Why Not Me?,True,8,1,17.76
Why Save the Bankers?: And Other Essays on Our Economic and Political Crisis,True,5,2,48.67
Why the Right Went Wrong: Conservatism--From Goldwater to the Tea Party and Beyond,True,14,4,52.65
Wild Swans,True,14,2,14.36
Wild: From Lost to Found on the Pacific Crest Trail,True,3,3,46.02
Wildlife of New York: A Five-Borough Coloring Book,True,7,2,22.14
"Will Grayson, Will Grayson (Will Grayson, Will Grayson)",True,5,4,47.31
Will You Won't You Want Me?,True,12,3,13.86
"William Shakespeare's Star Wars: Verily, A New Hope (William Shakespeare's Star Wars #4)",True,15,4,43.3
Without Borders (Wanderlove #1),True,16,2,45.07
Without Shame,True,9,5,48.27
"Wonder Woman: Earth One, Volume One (Wonder Woman: Earth One #1)",True,14,4,37.34
World War Z: An Oral History of the Zombie War,True,3,1,21.8
World Without End (The Pillars of the Earth #2),True,5,4,32.97
Worlds Elsewhere: Journeys Around Shakespeareâs Globe,True,18,5,40.3
Wuthering Heights,True,3,3,17.73
"Y: The Last Man, Vol. 1: Unmanned (Y: The Last Man #1)",True,1,4,18.51
You (You #1),True,14,5,43.61
You Are What You Love: The Spiritual Power of Habit,True,15,4,21.87
You Are a Badass: How to Stop Doubting Your Greatness and Start Living an Awesome Life,True,7,3,12.08
You can't bury them all: Poems,True,17,2,33.63
Zealot: The Life and Times of Jesus of Nazareth,True,14,3,24.7
Zero History (Blue Ant #3),True,3,1,34.77
"Zero to One: Notes on Startups, or How to Build the Future",True,8,3,34.06
orange: The Complete Collection 1 (orange: The Complete Collection #1),True,16,1,48.41
salt.,True,14,4,46.78
